{
  "aggregated": [
    {
      "model_name": "ftt",
      "mcc_mean": 0.6933779051112734,
      "mcc_std": 0.016367811688021313,
      "pr_auc_mean": 0.7061387788836472,
      "pr_auc_std": 0.02204926397227412,
      "f1_fraud_mean": 0.692090682999464,
      "f1_fraud_std": 0.01648288799421056,
      "roc_auc_mean": 0.9314384194870972,
      "roc_auc_std": 0.008507995830426412,
      "param_count": {
        "classical": 14869,
        "quantum": 0,
        "total": 14869
      },
      "fold_mccs": [
        0.6934791706976956,
        0.6697620138133186,
        0.7191403978355253,
        0.6846522206113511,
        0.699855722598476
      ],
      "fold_pr_aucs": [
        0.7298504238321584,
        0.6726000481042306,
        0.6912157839833951,
        0.7081508415100736,
        0.7288767969883782
      ]
    }
  ],
  "statistics": []
}