{
  "aggregated": [
    {
      "model_name": "tabnet",
      "mcc_mean": 0.24953165607263905,
      "mcc_std": 0.042334408997452375,
      "pr_auc_mean": 0.6271929797621916,
      "pr_auc_std": 0.03217252212106796,
      "f1_fraud_mean": 0.14641883256896535,
      "f1_fraud_std": 0.0423721336229318,
      "roc_auc_mean": 0.940642352537526,
      "roc_auc_std": 0.003201523896421075,
      "param_count": {
        "classical": 6176,
        "quantum": 0,
        "total": 6176
      },
      "fold_mccs": [
        0.1766495474118767,
        0.27017154978280344,
        0.23169313452516915,
        0.2695830903109356,
        0.29956095833241025
      ],
      "fold_pr_aucs": [
        0.663186098753411,
        0.5783293487933802,
        0.6560704698532993,
        0.6029079713682302,
        0.6354710100426371
      ]
    }
  ],
  "statistics": []
}