{
  "aggregated": [
    {
      "model_name": "resnet",
      "mcc_mean": 0.69332823290216,
      "mcc_std": 0.03285570397023616,
      "pr_auc_mean": 0.7169695442647382,
      "pr_auc_std": 0.01635899959534517,
      "f1_fraud_mean": 0.6920002138810551,
      "f1_fraud_std": 0.03426246721504424,
      "roc_auc_mean": 0.9311038582568649,
      "roc_auc_std": 0.009118129662820003,
      "param_count": {
        "classical": 8897,
        "quantum": 0,
        "total": 8897
      },
      "fold_mccs": [
        0.7418680092733658,
        0.6595346851261913,
        0.6732341536213654,
        0.6687872645300511,
        0.7232170519598261
      ],
      "fold_pr_aucs": [
        0.7199671290455223,
        0.6992330322427188,
        0.7183661363052666,
        0.7021516967417128,
        0.7451297269884706
      ]
    }
  ],
  "statistics": []
}