{
  "aggregated": [
    {
      "model_name": "ftt",
      "mcc_mean": 0.6612146416372674,
      "mcc_std": 0.032987774585751396,
      "pr_auc_mean": 0.6952434324041296,
      "pr_auc_std": 0.02391169426699294,
      "f1_fraud_mean": 0.6541919393426132,
      "f1_fraud_std": 0.03667586901997479,
      "roc_auc_mean": 0.9355927282280385,
      "roc_auc_std": 0.012539712726155764,
      "param_count": {
        "classical": 14869,
        "quantum": 0,
        "total": 14869
      },
      "fold_mccs": [
        0.6716420649281664,
        0.6158790217886073,
        0.7154730728342411,
        0.6600754375903842,
        0.643003611044938
      ],
      "fold_pr_aucs": [
        0.7230578779309602,
        0.7019453749616512,
        0.6905347819329003,
        0.7083918736585485,
        0.6522872535365877
      ]
    }
  ],
  "statistics": []
}