{
  "aggregated": [
    {
      "model_name": "snn",
      "mcc_mean": 0.5632508031537695,
      "mcc_std": 0.013931950732577756,
      "pr_auc_mean": 0.6448840960083373,
      "pr_auc_std": 0.008569182412358559,
      "f1_fraud_mean": 0.5291582327136538,
      "f1_fraud_std": 0.017223317968821913,
      "roc_auc_mean": 0.926670778398585,
      "roc_auc_std": 0.009507126418496166,
      "param_count": {
        "classical": 3201,
        "quantum": 0,
        "total": 3201
      },
      "fold_mccs": [
        0.5523049644570666,
        0.5539978229812014,
        0.5780107815856865,
        0.549654283723371,
        0.5822861630215217
      ],
      "fold_pr_aucs": [
        0.6402957820706338,
        0.6477003389883274,
        0.6314471381206698,
        0.6479081371867368,
        0.6570690836753192
      ]
    }
  ],
  "statistics": []
}