{
  "aggregated": [
    {
      "model_name": "snn",
      "mcc_mean": 0.5435612047411303,
      "mcc_std": 0.019096282678151145,
      "pr_auc_mean": 0.6317899782112393,
      "pr_auc_std": 0.010880136463703791,
      "f1_fraud_mean": 0.5065246903020025,
      "f1_fraud_std": 0.02514005771008647,
      "roc_auc_mean": 0.9248214859945104,
      "roc_auc_std": 0.006747766576703436,
      "param_count": {
        "classical": 3201,
        "quantum": 0,
        "total": 3201
      },
      "fold_mccs": [
        0.5369466845845798,
        0.5709173430118581,
        0.560491430009446,
        0.5289093876779505,
        0.5205411784218169
      ],
      "fold_pr_aucs": [
        0.6246928117481182,
        0.6214356501711435,
        0.6313181477444456,
        0.6524447915418726,
        0.6290584898506166
      ]
    },
    {
      "model_name": "tabnet",
      "mcc_mean": 0.4563668740689052,
      "mcc_std": 0.06364637582578393,
      "pr_auc_mean": 0.6271929797621916,
      "pr_auc_std": 0.03217252212106796,
      "f1_fraud_mean": 0.3977072560496455,
      "f1_fraud_std": 0.08211219283398659,
      "roc_auc_mean": 0.940642352537526,
      "roc_auc_std": 0.003201523896421075,
      "param_count": {
        "classical": 6176,
        "quantum": 0,
        "total": 6176
      },
      "fold_mccs": [
        0.33883203318188126,
        0.49944967364678144,
        0.4678416013347012,
        0.45272008652887596,
        0.5229909756522861
      ],
      "fold_pr_aucs": [
        0.663186098753411,
        0.5783293487933802,
        0.6560704698532993,
        0.6029079713682302,
        0.6354710100426371
      ]
    }
  ],
  "statistics": []
}