{
  "aggregated": [
    {
      "model_name": "saint",
      "mcc_mean": 0.6975284508665259,
      "mcc_std": 0.01637011619420666,
      "pr_auc_mean": 0.657005107385403,
      "pr_auc_std": 0.05049233571785647,
      "f1_fraud_mean": 0.6974302939414068,
      "f1_fraud_std": 0.01634622510397989,
      "roc_auc_mean": 0.9282749280775902,
      "roc_auc_std": 0.008987030081584073,
      "param_count": {
        "classical": 29357,
        "quantum": 0,
        "total": 29357
      },
      "fold_mccs": [
        0.6830172710793413,
        0.7196522284986735,
        0.7143171143531767,
        0.6798370257877233,
        0.6908186146137146
      ],
      "fold_pr_aucs": [
        0.5776162288479006,
        0.7210061503103715,
        0.6281412013265146,
        0.6955080797174745,
        0.6627538767247535
      ]
    }
  ],
  "statistics": []
}