{
  "aggregated": [
    {
      "model_name": "resnet",
      "mcc_mean": 0.6885781990271744,
      "mcc_std": 0.01647873963951032,
      "pr_auc_mean": 0.7004283797305035,
      "pr_auc_std": 0.0152325245038973,
      "f1_fraud_mean": 0.6865235598322957,
      "f1_fraud_std": 0.01806855251832248,
      "roc_auc_mean": 0.9376802366979431,
      "roc_auc_std": 0.008677904191215849,
      "param_count": {
        "classical": 8897,
        "quantum": 0,
        "total": 8897
      },
      "fold_mccs": [
        0.6995561816243887,
        0.6875571503930146,
        0.709050442449133,
        0.6600574935190157,
        0.6866697271503206
      ],
      "fold_pr_aucs": [
        0.7039932030666752,
        0.6995739370922938,
        0.7068211357590406,
        0.6728072416118599,
        0.7189463811226481
      ]
    }
  ],
  "statistics": []
}