{
  "aggregated": [
    {
      "model_name": "saint",
      "mcc_mean": 0.6256665195968084,
      "mcc_std": 0.027279730788890996,
      "pr_auc_mean": 0.5486060428692282,
      "pr_auc_std": 0.05145116338654131,
      "f1_fraud_mean": 0.6230053553178196,
      "f1_fraud_std": 0.029673787729690357,
      "roc_auc_mean": 0.9320457941899326,
      "roc_auc_std": 0.005174099975527575,
      "param_count": {
        "classical": 29357,
        "quantum": 0,
        "total": 29357
      },
      "fold_mccs": [
        0.6139152533061051,
        0.6360125038329754,
        0.6389778836264596,
        0.5795406202096248,
        0.6598863370088772
      ],
      "fold_pr_aucs": [
        0.49341124295415245,
        0.5911335918715493,
        0.57569510189623,
        0.47998161703667525,
        0.6028086605875342
      ]
    }
  ],
  "statistics": []
}