{
  "aggregated": [
    {
      "model_name": "snn",
      "mcc_mean": 0.5044963207854175,
      "mcc_std": 0.016968378253794023,
      "pr_auc_mean": 0.6275839141545363,
      "pr_auc_std": 0.009350481370819017,
      "f1_fraud_mean": 0.4557690034628375,
      "f1_fraud_std": 0.020503214440105888,
      "roc_auc_mean": 0.9426683824204977,
      "roc_auc_std": 0.0025315688276534042,
      "param_count": {
        "classical": 3201,
        "quantum": 0,
        "total": 3201
      },
      "fold_mccs": [
        0.49609689740713214,
        0.5283008619259041,
        0.5150268268871675,
        0.47820178833680366,
        0.5048552293700799
      ],
      "fold_pr_aucs": [
        0.6263072399946755,
        0.6279581355337837,
        0.6175449510742355,
        0.6213339245688329,
        0.6447753196011535
      ]
    },
    {
      "model_name": "tabnet",
      "mcc_mean": 0.4563668740689052,
      "mcc_std": 0.06364637582578393,
      "pr_auc_mean": 0.6271929797621916,
      "pr_auc_std": 0.03217252212106796,
      "f1_fraud_mean": 0.3977072560496455,
      "f1_fraud_std": 0.08211219283398659,
      "roc_auc_mean": 0.940642352537526,
      "roc_auc_std": 0.003201523896421075,
      "param_count": {
        "classical": 6176,
        "quantum": 0,
        "total": 6176
      },
      "fold_mccs": [
        0.33883203318188126,
        0.49944967364678144,
        0.4678416013347012,
        0.45272008652887596,
        0.5229909756522861
      ],
      "fold_pr_aucs": [
        0.663186098753411,
        0.5783293487933802,
        0.6560704698532993,
        0.6029079713682302,
        0.6354710100426371
      ]
    }
  ],
  "statistics": []
}