{
  "aggregated": [
    {
      "model_name": "tabnet",
      "mcc_mean": 0.4823525924529671,
      "mcc_std": 0.07319343637548649,
      "pr_auc_mean": 0.6551432462772776,
      "pr_auc_std": 0.039914176817176926,
      "f1_fraud_mean": 0.4335118946901346,
      "f1_fraud_std": 0.09493764230829857,
      "roc_auc_mean": 0.9412531546805554,
      "roc_auc_std": 0.0012391388713485793,
      "param_count": {
        "classical": 6176,
        "quantum": 0,
        "total": 6176
      },
      "fold_mccs": [
        0.33883203318188126,
        0.49944967364678144,
        0.5337903777781711,
        0.534655261675904,
        0.5050356159820975
      ],
      "fold_pr_aucs": [
        0.663186098753411,
        0.5783293487933802,
        0.6945146916113911,
        0.6668126753313246,
        0.672873416896881
      ]
    }
  ],
  "statistics": []
}