{
  "model_name": "parallel",
  "mcc": 0.5547474794428607,
  "pr_auc": 0.6197327353348867,
  "f1_fraud": 0.5217391304347826,
  "roc_auc": 0.9325408888231713,
  "threshold": 0.9400000000000002,
  "param_count": {
    "classical": 369,
    "quantum": 120,
    "total": 489
  },
  "confusion_matrix": [
    [
      56741,
      123
    ],
    [
      20,
      78
    ]
  ],
  "fold_idx": 1,
  "elapsed_seconds": 34176.658464042004
}