{
  "model_name": "parallel",
  "mcc": 0.5106518848333477,
  "pr_auc": 0.6160394561549609,
  "f1_fraud": 0.47058823529411764,
  "roc_auc": 0.936555749198948,
  "threshold": 0.9400000000000002,
  "param_count": {
    "classical": 369,
    "quantum": 120,
    "total": 489
  },
  "confusion_matrix": [
    [
      56715,
      149
    ],
    [
      22,
      76
    ]
  ],
  "fold_idx": 2,
  "elapsed_seconds": 31976.04628241714
}