{
  "model_name": "parallel",
  "mcc": 0.5906394082587506,
  "pr_auc": 0.6240307324139343,
  "f1_fraud": 0.5642857142857143,
  "roc_auc": 0.9279343912579101,
  "threshold": 0.9400000000000002,
  "param_count": {
    "classical": 369,
    "quantum": 120,
    "total": 489
  },
  "confusion_matrix": [
    [
      56761,
      103
    ],
    [
      19,
      79
    ]
  ],
  "fold_idx": 0,
  "elapsed_seconds": 25768.14121712488
}