{
  "model_name": "shnn",
  "mcc": 0.5721791243031026,
  "pr_auc": 0.6348716078519617,
  "f1_fraud": 0.5435540069686411,
  "roc_auc": 0.9506457584440642,
  "threshold": 0.9400000000000002,
  "param_count": {
    "classical": 74,
    "quantum": 48,
    "total": 122
  },
  "confusion_matrix": [
    [
      56753,
      111
    ],
    [
      20,
      78
    ]
  ],
  "fold_idx": 4,
  "elapsed_seconds": 27032.30336383311
}